{"IcoMoonType":"selection","icons":[{"icon":{"paths":["M995.844 28.929c-29.952-29.952-78.336-29.952-108.288 0l-375.552 374.784-375.552-375.552c-29.952-29.952-78.336-29.952-108.288 0s-29.952 78.336 0 108.288l375.552 375.552-375.552 375.552c-29.952 29.952-29.952 78.336 0 108.288 29.952 29.951 78.336 29.951 108.288 0l375.552-375.552 375.552 375.552c29.952 29.951 78.336 29.951 108.288 0 29.948-29.952 29.948-78.336 0-108.288l-375.552-375.552 375.552-375.552c29.18-29.184 29.18-78.336 0-107.52z"],"attrs":[],"isMulticolor":false,"isMulticolor2":false,"grid":0,"tags":["close"],"colorPermutations":{}},"attrs":[],"properties":{"order":6,"id":4,"name":"close","prevSize":32,"code":59652},"setIdx":0,"setId":0,"iconIdx":0},{"icon":{"paths":["M1004.603 381.6c7.797-6.2 19.397-0.4 19.397 9.4v409c0 52.999-43.001 96-96 96h-832c-53 0-96-43.001-96-96v-408.8c0-10 11.4-15.6 19.4-9.4 44.8 34.8 104.2 79 308.2 227.2 42.2 30.8 113.4 95.6 184.4 95.2 71.4 0.601 144-65.6 184.6-95.2 204.001-148.2 263.202-192.6 308.002-227.4zM512 640c46.4 0.8 113.2-58.4 146.8-82.8 265.397-192.6 285.599-209.4 346.797-257.4 11.6-9 18.403-23 18.403-37.8v-38c0-53-43.001-96-96-96h-832c-53 0-96 43-96 96v38c0 14.8 6.8 28.6 18.4 37.8 61.2 47.8 81.4 64.8 346.8 257.4 33.6 24.4 100.4 83.6 146.8 82.8z"],"attrs":[],"isMulticolor":false,"isMulticolor2":false,"grid":0,"tags":["envelope"],"colorPermutations":{}},"attrs":[],"properties":{"order":5,"id":3,"name":"envelope","prevSize":32,"code":59650},"setIdx":0,"setId":0,"iconIdx":1},{"icon":{"paths":["M37.2 49.204l208.001-48c22.6-5.2 45.8 6.6 55 27.8l96 224c8.4 19.599 2.801 42.6-13.8 56l-121.2 99.2c72 153.4 197.8 281 354.401 354.398l99.2-121.198c13.6-16.6 36.398-22.2 56-13.8l224 96c21.402 9.397 33.2 32.598 27.999 55.199l-47.996 208.004c-5.003 21.599-24.203 37.2-46.804 37.2-512.2 0-928-415.004-928-928.004 0-22.4 15.4-41.8 37.2-46.8z"],"attrs":[],"isMulticolor":false,"isMulticolor2":false,"grid":0,"tags":["phone"],"colorPermutations":{}},"attrs":[],"properties":{"order":4,"id":2,"name":"phone","prevSize":32,"code":59651},"setIdx":0,"setId":0,"iconIdx":2},{"icon":{"paths":["M120.32 802.986l391.68-390.826 391.68 390.826 120.32-120.32-512-512-512 512 120.32 120.32z"],"attrs":[],"isMulticolor":false,"isMulticolor2":false,"grid":0,"tags":["arrow_top"],"colorPermutations":{}},"attrs":[],"properties":{"order":3,"id":1,"name":"arrow-top","prevSize":32,"code":59648},"setIdx":0,"setId":0,"iconIdx":3},{"icon":{"paths":["M120.32 221.014l391.68 390.826 391.68-390.826 120.32 120.32-512 512-512-512 120.32-120.32z"],"attrs":[],"isMulticolor":false,"isMulticolor2":false,"grid":0,"tags":["arrow-bottom"],"colorPermutations":{}},"attrs":[],"properties":{"order":2,"id":0,"name":"arrow-bottom","prevSize":32,"code":59649},"setIdx":0,"setId":0,"iconIdx":4}],"height":1024,"metadata":{"name":"icomoon"},"preferences":{"showGlyphs":true,"showCodes":true,"showQuickUse":true,"showQuickUse2":true,"showSVGs":true,"fontPref":{"prefix":"icon-","metadata":{"fontFamily":"icomoon"},"metrics":{"emSize":1024,"baseline":6.25,"whitespace":50},"embed":false},"imagePref":{"prefix":"icon-","png":true,"useClassSelector":true,"color":0,"bgColor":16777215},"historySize":50,"gridSize":16}}