{"IcoMoonType":"selection","icons":[{"icon":{"paths":["M120.32 802.986l391.68-390.826 391.68 390.826 120.32-120.32-512-512-512 512 120.32 120.32z"],"attrs":[],"isMulticolor":false,"isMulticolor2":false,"grid":0,"tags":["arrow_top"],"colorPermutations":{}},"attrs":[],"properties":{"order":3,"id":1,"name":"arrow-top","prevSize":32,"code":59648},"setIdx":0,"setId":0,"iconIdx":0},{"icon":{"paths":["M120.32 221.014l391.68 390.826 391.68-390.826 120.32 120.32-512 512-512-512 120.32-120.32z"],"attrs":[],"isMulticolor":false,"isMulticolor2":false,"grid":0,"tags":["arrow-bottom"],"colorPermutations":{}},"attrs":[],"properties":{"order":2,"id":0,"name":"arrow-bottom","prevSize":32,"code":59649},"setIdx":0,"setId":0,"iconIdx":1}],"height":1024,"metadata":{"name":"icomoon"},"preferences":{"showGlyphs":true,"showCodes":true,"showQuickUse":true,"showQuickUse2":true,"showSVGs":true,"fontPref":{"prefix":"icon-","metadata":{"fontFamily":"icomoon"},"metrics":{"emSize":1024,"baseline":6.25,"whitespace":50},"embed":false},"imagePref":{"prefix":"icon-","png":true,"useClassSelector":true,"color":0,"bgColor":16777215},"historySize":50,"gridSize":16}}